名稱,發票存摺：統一發票雲端對獎＋電子發票載具歸戶＋發票回饋兌獎
開始日期,2017/9/24
結束日期,2026/3/18

日期,首次下載次數
2017/9/24,35.0
2017/9/25,3252.0
2017/9/26,3442.0
2017/9/27,2573.0
2017/9/28,2446.0
2017/9/29,2599.0
2017/9/30,2592.0
2017/10/1,3075.0
2017/10/2,2639.0
2017/10/3,1073.0
2017/10/4,1837.0
2017/10/5,1619.0
2017/10/6,1125.0
2017/10/7,932.0
2017/10/8,849.0
2017/10/9,746.0
2017/10/10,930.0
2017/10/11,565.0
2017/10/12,547.0
2017/10/13,447.0
2017/10/14,558.0
2017/10/15,572.0
2017/10/16,305.0
2017/10/17,322.0
2017/10/18,303.0
2017/10/19,289.0
2017/10/20,244.0
2017/10/21,279.0
2017/10/22,354.0
2017/10/23,317.0
2017/10/24,255.0
2017/10/25,290.0
2017/10/26,256.0
2017/10/27,247.0
2017/10/28,299.0
2017/10/29,336.0
2017/10/30,248.0
2017/10/31,222.0
2017/11/1,326.0
2017/11/2,325.0
2017/11/3,230.0
2017/11/4,259.0
2017/11/5,353.0
2017/11/6,239.0
2017/11/7,197.0
2017/11/8,192.0
2017/11/9,166.0
2017/11/10,182.0
2017/11/11,234.0
2017/11/12,257.0
2017/11/13,206.0
2017/11/14,159.0
2017/11/15,175.0
2017/11/16,147.0
2017/11/17,142.0
2017/11/18,206.0
2017/11/19,286.0
2017/11/20,206.0
2017/11/21,211.0
2017/11/22,224.0
2017/11/23,179.0
2017/11/24,219.0
2017/11/25,3683.0
2017/11/26,3537.0
2017/11/27,2821.0
2017/11/28,2211.0
2017/11/29,2094.0
2017/11/30,2068.0
2017/12/1,1636.0
2017/12/2,1327.0
2017/12/3,1313.0
2017/12/4,812.0
2017/12/5,659.0
2017/12/6,684.0
2017/12/7,544.0
2017/12/8,479.0
2017/12/9,554.0
2017/12/10,693.0
2017/12/11,553.0
2017/12/12,485.0
2017/12/13,454.0
2017/12/14,383.0
2017/12/15,390.0
2017/12/16,423.0
2017/12/17,459.0
2017/12/18,311.0
2017/12/19,253.0
2017/12/20,236.0
2017/12/21,220.0
2017/12/22,243.0
2017/12/23,309.0
2017/12/24,373.0
2017/12/25,244.0
2017/12/26,258.0
2017/12/27,244.0
2017/12/28,258.0
2017/12/29,254.0
2017/12/30,266.0
2017/12/31,228.0
2018/1/1,387.0
2018/1/2,360.0
2018/1/3,357.0
2018/1/4,373.0
2018/1/5,306.0
2018/1/6,404.0
2018/1/7,491.0
2018/1/8,291.0
2018/1/9,276.0
2018/1/10,240.0
2018/1/11,235.0
2018/1/12,214.0
2018/1/13,250.0
2018/1/14,337.0
2018/1/15,272.0
2018/1/16,247.0
2018/1/17,243.0
2018/1/18,266.0
2018/1/19,252.0
2018/1/20,321.0
2018/1/21,393.0
2018/1/22,293.0
2018/1/23,313.0
2018/1/24,337.0
2018/1/25,4524.0
2018/1/26,3818.0
2018/1/27,3489.0
2018/1/28,3383.0
2018/1/29,2604.0
2018/1/30,2341.0
2018/1/31,1978.0
2018/2/1,1993.0
2018/2/2,1699.0
2018/2/3,1809.0
2018/2/4,1988.0
2018/2/5,1712.0
2018/2/6,1576.0
2018/2/7,1571.0
2018/2/8,1071.0
2018/2/9,831.0
2018/2/10,971.0
2018/2/11,1077.0
2018/2/12,820.0
2018/2/13,815.0
2018/2/14,802.0
2018/2/15,733.0
2018/2/16,567.0
2018/2/17,511.0
2018/2/18,539.0
2018/2/19,590.0
2018/2/20,882.0
2018/2/21,753.0
2018/2/22,620.0
2018/2/23,330.0
2018/2/24,598.0
2018/2/25,801.0
2018/2/26,647.0
2018/2/27,610.0
2018/2/28,778.0
2018/3/1,653.0
2018/3/2,572.0
2018/3/3,667.0
2018/3/4,789.0
2018/3/5,630.0
2018/3/6,506.0
2018/3/7,567.0
2018/3/8,478.0
2018/3/9,751.0
2018/3/10,558.0
2018/3/11,592.0
2018/3/12,420.0
2018/3/13,604.0
2018/3/14,565.0
2018/3/15,463.0
2018/3/16,411.0
2018/3/17,455.0
2018/3/18,554.0
2018/3/19,434.0
2018/3/20,446.0
2018/3/21,465.0
2018/3/22,460.0
2018/3/23,466.0
2018/3/24,606.0
2018/3/25,6604.0
2018/3/26,4825.0
2018/3/27,3428.0
2018/3/28,2887.0
2018/3/29,2266.0
2018/3/30,2055.0
2018/3/31,1845.0
2018/4/1,2223.0
2018/4/2,1487.0
2018/4/3,1079.0
2018/4/4,1147.0
2018/4/5,1048.0
2018/4/6,987.0
2018/4/7,913.0
2018/4/8,1159.0
2018/4/9,841.0
2018/4/10,808.0
2018/4/11,693.0
2018/4/12,645.0
2018/4/13,492.0
2018/4/14,613.0
2018/4/15,830.0
2018/4/16,590.0
2018/4/17,524.0
2018/4/18,524.0
2018/4/19,556.0
2018/4/20,478.0
2018/4/21,536.0
2018/4/22,603.0
2018/4/23,501.0
2018/4/24,487.0
2018/4/25,476.0
2018/4/26,432.0
2018/4/27,462.0
2018/4/28,554.0
2018/4/29,701.0
2018/4/30,530.0
2018/5/1,662.0
2018/5/2,577.0
2018/5/3,561.0
2018/5/4,529.0
2018/5/5,628.0
2018/5/6,723.0
2018/5/7,557.0
2018/5/8,549.0
2018/5/9,561.0
2018/5/10,563.0
2018/5/11,499.0
2018/5/12,625.0
2018/5/13,653.0
2018/5/14,578.0
2018/5/15,497.0
2018/5/16,465.0
2018/5/17,523.0
2018/5/18,443.0
2018/5/19,532.0
2018/5/20,903.0
2018/5/21,616.0
2018/5/22,540.0
2018/5/23,513.0
2018/5/24,743.0
2018/5/25,5265.0
2018/5/26,4497.0
2018/5/27,4701.0
2018/5/28,3225.0
2018/5/29,2931.0
2018/5/30,2534.0
2018/5/31,2272.0
2018/6/1,1855.0
2018/6/2,1809.0
2018/6/3,1975.0
2018/6/4,1403.0
2018/6/5,1239.0
2018/6/6,1299.0
2018/6/7,1096.0
2018/6/8,926.0
2018/6/9,983.0
2018/6/10,1199.0
2018/6/11,990.0
2018/6/12,853.0
2018/6/13,888.0
2018/6/14,792.0
2018/6/15,640.0
2018/6/16,786.0
2018/6/17,735.0
2018/6/18,848.0
2018/6/19,616.0
2018/6/20,612.0
2018/6/21,595.0
2018/6/22,543.0
2018/6/23,601.0
2018/6/24,742.0
2018/6/25,592.0
2018/6/26,569.0
2018/6/27,588.0
2018/6/28,562.0
2018/6/29,568.0
2018/6/30,634.0
2018/7/1,793.0
2018/7/2,639.0
2018/7/3,692.0
2018/7/4,645.0
2018/7/5,628.0
2018/7/6,552.0
2018/7/7,578.0
2018/7/8,657.0
2018/7/9,500.0
2018/7/10,488.0
2018/7/11,541.0
2018/7/12,477.0
2018/7/13,409.0
2018/7/14,422.0
2018/7/15,491.0
2018/7/16,468.0
2018/7/17,437.0
2018/7/18,398.0
2018/7/19,429.0
2018/7/20,371.0
2018/7/21,574.0
2018/7/22,671.0
2018/7/23,512.0
2018/7/24,592.0
2018/7/25,7290.0
2018/7/26,5012.0
2018/7/27,3096.0
2018/7/28,2391.0
2018/7/29,2255.0
2018/7/30,1810.0
2018/7/31,1671.0
2018/8/1,1631.0
2018/8/2,1573.0
2018/8/3,1284.0
2018/8/4,2167.0
2018/8/5,2628.0
2018/8/6,2234.0
2018/8/7,2071.0
2018/8/8,1983.0
2018/8/9,1650.0
2018/8/10,1556.0
2018/8/11,1670.0
2018/8/12,2037.0
2018/8/13,1612.0
2018/8/14,1427.0
2018/8/15,1385.0
2018/8/16,1220.0
2018/8/17,1013.0
2018/8/18,1284.0
2018/8/19,1555.0
2018/8/20,1223.0
2018/8/21,1069.0
2018/8/22,1077.0
2018/8/23,933.0
2018/8/24,958.0
2018/8/25,1069.0
2018/8/26,1230.0
2018/8/27,1067.0
2018/8/28,1031.0
2018/8/29,966.0
2018/8/30,816.0
2018/8/31,819.0
2018/9/1,1015.0
2018/9/2,1242.0
2018/9/3,1127.0
2018/9/4,1007.0
2018/9/5,916.0
2018/9/6,887.0
2018/9/7,833.0
2018/9/8,906.0
2018/9/9,1216.0
2018/9/10,864.0
2018/9/11,821.0
2018/9/12,1743.0
2018/9/13,1109.0
2018/9/14,766.0
2018/9/15,895.0
2018/9/16,1173.0
2018/9/17,904.0
2018/9/18,825.0
2018/9/19,804.0
2018/9/20,728.0
2018/9/21,1111.0
2018/9/22,1109.0
2018/9/23,1054.0
2018/9/24,1484.0
2018/9/25,13124.0
2018/9/26,12248.0
2018/9/27,7538.0
2018/9/28,6216.0
2018/9/29,6290.0
2018/9/30,6249.0
2018/10/1,5852.0
2018/10/2,4386.0
2018/10/3,3765.0
2018/10/4,3285.0
2018/10/5,3247.0
2018/10/6,3589.0
2018/10/7,3736.0
2018/10/8,2900.0
2018/10/9,2482.0
2018/10/10,3089.0
2018/10/11,2150.0
2018/10/12,1901.0
2018/10/13,2130.0
2018/10/14,2462.0
2018/10/15,1722.0
2018/10/16,1755.0
2018/10/17,1541.0
2018/10/18,1513.0
2018/10/19,1349.0
2018/10/20,1558.0
2018/10/21,1846.0
2018/10/22,1585.0
2018/10/23,1420.0
2018/10/24,1450.0
2018/10/25,1380.0
2018/10/26,1336.0
2018/10/27,1541.0
2018/10/28,1807.0
2018/10/29,1498.0
2018/10/30,1267.0
2018/10/31,1334.0
2018/11/1,1476.0
2018/11/2,1376.0
2018/11/3,1543.0
2018/11/4,2013.0
2018/11/5,1673.0
2018/11/6,1462.0
2018/11/7,1293.0
2018/11/8,1331.0
2018/11/9,1261.0
2018/11/10,1377.0
2018/11/11,1605.0
2018/11/12,1335.0
2018/11/13,1286.0
2018/11/14,1192.0
2018/11/15,1164.0
2018/11/16,1155.0
2018/11/17,1433.0
2018/11/18,2381.0
2018/11/19,3019.0
2018/11/20,2882.0
2018/11/21,1616.0
2018/11/22,1441.0
2018/11/23,3135.0
2018/11/24,2860.0
2018/11/25,18868.0
2018/11/26,13987.0
2018/11/27,8769.0
2018/11/28,7285.0
2018/11/29,5847.0
2018/11/30,4888.0
2018/12/1,5169.0
2018/12/2,5380.0
2018/12/3,4598.0
2018/12/4,4203.0
2018/12/5,3767.0
2018/12/6,3775.0
2018/12/7,3376.0
2018/12/8,3439.0
2018/12/9,4106.0
2018/12/10,3185.0
2018/12/11,2422.0
2018/12/12,2013.0
2018/12/13,1994.0
2018/12/14,1924.0
2018/12/15,2146.0
2018/12/16,2289.0
2018/12/17,1870.0
2018/12/18,2420.0
2018/12/19,3908.0
2018/12/20,4320.0
2018/12/21,4136.0
2018/12/22,2352.0
2018/12/23,2621.0
2018/12/24,1868.0
2018/12/25,1738.0
2018/12/26,1862.0
2018/12/27,1647.0
2018/12/28,1909.0
2018/12/29,1661.0
2018/12/30,1575.0
2018/12/31,1565.0
2019/1/1,3324.0
2019/1/2,4722.0
2019/1/3,3484.0
2019/1/4,2360.0
2019/1/5,2221.0
2019/1/6,2351.0
2019/1/7,1893.0
2019/1/8,1507.0
2019/1/9,1550.0
2019/1/10,1465.0
2019/1/11,1438.0
2019/1/12,1511.0
2019/1/13,1650.0
2019/1/14,1412.0
2019/1/15,1258.0
2019/1/16,1226.0
2019/1/17,1220.0
2019/1/18,1073.0
2019/1/19,1513.0
2019/1/20,1665.0
2019/1/21,1278.0
2019/1/22,1147.0
2019/1/23,1193.0
2019/1/24,1315.0
2019/1/25,11901.0
2019/1/26,8610.0
2019/1/27,7369.0
2019/1/28,5759.0
2019/1/29,4980.0
2019/1/30,4874.0
2019/1/31,3826.0
2019/2/1,3363.0
2019/2/2,3801.0
2019/2/3,3615.0
2019/2/4,2755.0
2019/2/5,2139.0
2019/2/6,2067.0
2019/2/7,1893.0
2019/2/8,2141.0
2019/2/9,2451.0
2019/2/10,3207.0
2019/2/11,2841.0
2019/2/12,2551.0
2019/2/13,2408.0
2019/2/14,2077.0
2019/2/15,2029.0
2019/2/16,2096.0
2019/2/17,2604.0
2019/2/18,1999.0
2019/2/19,1640.0
2019/2/20,1522.0
2019/2/21,1524.0
2019/2/22,1468.0
2019/2/23,1528.0
2019/2/24,1774.0
2019/2/25,1496.0
2019/2/26,1393.0
2019/2/27,1305.0
2019/2/28,1402.0
2019/3/1,1417.0
2019/3/2,1498.0
2019/3/3,2184.0
2019/3/4,1679.0
2019/3/5,1682.0
2019/3/6,1357.0
2019/3/7,1208.0
2019/3/8,1299.0
2019/3/9,1404.0
2019/3/10,1638.0
2019/3/11,1265.0
2019/3/12,1239.0
2019/3/13,1142.0
2019/3/14,1422.0
2019/3/15,1132.0
2019/3/16,1256.0
2019/3/17,1479.0
2019/3/18,1185.0
2019/3/19,1155.0
2019/3/20,1195.0
2019/3/21,1102.0
2019/3/22,1683.0
2019/3/23,1747.0
2019/3/24,1933.0
2019/3/25,12981.0
2019/3/26,8191.0
2019/3/27,5166.0
2019/3/28,3937.0
2019/3/29,3401.0
2019/3/30,3663.0
2019/3/31,3731.0
2019/4/1,2935.0
2019/4/2,2871.0
2019/4/3,2341.0
2019/4/4,2552.0
2019/4/5,2372.0
2019/4/6,2174.0
2019/4/7,2712.0
2019/4/8,2236.0
2019/4/9,1977.0
2019/4/10,1701.0
2019/4/11,1744.0
2019/4/12,1483.0
2019/4/13,1699.0
2019/4/14,1781.0
2019/4/15,1382.0
2019/4/16,1393.0
2019/4/17,1317.0
2019/4/18,1142.0
2019/4/19,1120.0
2019/4/20,1316.0
2019/4/21,1534.0
2019/4/22,1141.0
2019/4/23,1037.0
2019/4/24,1007.0
2019/4/25,866.0
2019/4/26,905.0
2019/4/27,1124.0
2019/4/28,1314.0
2019/4/29,1054.0
2019/4/30,1048.0
2019/5/1,1525.0
2019/5/2,1264.0
2019/5/3,1194.0
2019/5/4,1320.0
2019/5/5,1579.0
2019/5/6,1497.0
2019/5/7,1865.0
2019/5/8,1274.0
2019/5/9,1181.0
2019/5/10,1013.0
2019/5/11,1148.0
2019/5/12,1320.0
2019/5/13,1053.0
2019/5/14,1040.0
2019/5/15,1378.0
2019/5/16,1328.0
2019/5/17,1042.0
2019/5/18,1167.0
2019/5/19,1301.0
2019/5/20,983.0
2019/5/21,1058.0
2019/5/22,1167.0
2019/5/23,1184.0
2019/5/24,1408.0
2019/5/25,9695.0
2019/5/26,8378.0
2019/5/27,5711.0
2019/5/28,3934.0
2019/5/29,3800.0
2019/5/30,3206.0
2019/5/31,2662.0
2019/6/1,2972.0
2019/6/2,3186.0
2019/6/3,2977.0
2019/6/4,2187.0
2019/6/5,2272.0
2019/6/6,2134.0
2019/6/7,2255.0
2019/6/8,2049.0
2019/6/9,2582.0
2019/6/10,2104.0
2019/6/11,1850.0
2019/6/12,1678.0
2019/6/13,1546.0
2019/6/14,1381.0
2019/6/15,1592.0
2019/6/16,1951.0
2019/6/17,1474.0
2019/6/18,1443.0
2019/6/19,1391.0
2019/6/20,1297.0
2019/6/21,1157.0
2019/6/22,1321.0
2019/6/23,1546.0
2019/6/24,1319.0
2019/6/25,1232.0
2019/6/26,1187.0
2019/6/27,1339.0
2019/6/28,2053.0
2019/6/29,1807.0
2019/6/30,1867.0
2019/7/1,1494.0
2019/7/2,1426.0
2019/7/3,1520.0
2019/7/4,1457.0
2019/7/5,1488.0
2019/7/6,1546.0
2019/7/7,1659.0
2019/7/8,1430.0
2019/7/9,1457.0
2019/7/10,1387.0
2019/7/11,1421.0
2019/7/12,1228.0
2019/7/13,1322.0
2019/7/14,1558.0
2019/7/15,1259.0
2019/7/16,1168.0
2019/7/17,1196.0
2019/7/18,1241.0
2019/7/19,1277.0
2019/7/20,1571.0
2019/7/21,2124.0
2019/7/22,1663.0
2019/7/23,1567.0
2019/7/24,1679.0
2019/7/25,11336.0
2019/7/26,7508.0
2019/7/27,6819.0
2019/7/28,6700.0
2019/7/29,5258.0
2019/7/30,3805.0
2019/7/31,3326.0
2019/8/1,3659.0
2019/8/2,3360.0
2019/8/3,3379.0
2019/8/4,3491.0
2019/8/5,3188.0
2019/8/6,3273.0
2019/8/7,2840.0
2019/8/8,2669.0
2019/8/9,3067.0
2019/8/10,2423.0
2019/8/11,2547.0
2019/8/12,2113.0
2019/8/13,1932.0
2019/8/14,1837.0
2019/8/15,1614.0
2019/8/16,1672.0
2019/8/17,2207.0
2019/8/18,3790.0
2019/8/19,2998.0
2019/8/20,2426.0
2019/8/21,2312.0
2019/8/22,1988.0
2019/8/23,1889.0
2019/8/24,1931.0
2019/8/25,3086.0
2019/8/26,3125.0
2019/8/27,2505.0
2019/8/28,2244.0
2019/8/29,1845.0
2019/8/30,2019.0
2019/8/31,2165.0
2019/9/1,2335.0
2019/9/2,1912.0
2019/9/3,2157.0
2019/9/4,1884.0
2019/9/5,1955.0
2019/9/6,1645.0
2019/9/7,1671.0
2019/9/8,1932.0
2019/9/9,1469.0
2019/9/10,1436.0
2019/9/11,1407.0
2019/9/12,1216.0
2019/9/13,1420.0
2019/9/14,1334.0
2019/9/15,1708.0
2019/9/16,1352.0
2019/9/17,1618.0
2019/9/18,1832.0
2019/9/19,1616.0
2019/9/20,1914.0
2019/9/21,2365.0
2019/9/22,2979.0
2019/9/23,2396.0
2019/9/24,1973.0
2019/9/25,12371.0
2019/9/26,9076.0
2019/9/27,5274.0
2019/9/28,5277.0
2019/9/29,5400.0
2019/9/30,4937.0
2019/10/1,4035.0
2019/10/2,3475.0
2019/10/3,3304.0
2019/10/4,3003.0
2019/10/5,3086.0
2019/10/6,3670.0
2019/10/7,2911.0
2019/10/8,2422.0
2019/10/9,2126.0
2019/10/10,2529.0
2019/10/11,2216.0
2019/10/12,2119.0
2019/10/13,2662.0
2019/10/14,2029.0
2019/10/15,1938.0
2019/10/16,1927.0
2019/10/17,1869.0
2019/10/18,1695.0
2019/10/19,1736.0
2019/10/20,2202.0
2019/10/21,1815.0
2019/10/22,1563.0
2019/10/23,1356.0
2019/10/24,1378.0
2019/10/25,1278.0
2019/10/26,1518.0
2019/10/27,1701.0
2019/10/28,1529.0
2019/10/29,1343.0
2019/10/30,1230.0
2019/10/31,1431.0
2019/11/1,1854.0
2019/11/2,2039.0
2019/11/3,2429.0
2019/11/4,2013.0
2019/11/5,2031.0
2019/11/6,1815.0
2019/11/7,1634.0
2019/11/8,1510.0
2019/11/9,1707.0
2019/11/10,2053.0
2019/11/11,1717.0
2019/11/12,1546.0
2019/11/13,1568.0
2019/11/14,1444.0
2019/11/15,1387.0
2019/11/16,1616.0
2019/11/17,2024.0
2019/11/18,1625.0
2019/11/19,1508.0
2019/11/20,1463.0
2019/11/21,1622.0
2019/11/22,1411.0
2019/11/23,1584.0
2019/11/24,2104.0
2019/11/25,17381.0
2019/11/26,9895.0
2019/11/27,7548.0
2019/11/28,5582.0
2019/11/29,4740.0
2019/11/30,5677.0
2019/12/1,5888.0
2019/12/2,3551.0
2019/12/3,3344.0
2019/12/4,3278.0
2019/12/5,3239.0
2019/12/6,3195.0
2019/12/7,3204.0
2019/12/8,3308.0
2019/12/9,2884.0
2019/12/10,2663.0
2019/12/11,2007.0
2019/12/12,1860.0
2019/12/13,1762.0
2019/12/14,2096.0
2019/12/15,2261.0
2019/12/16,1668.0
2019/12/17,1636.0
2019/12/18,1607.0
2019/12/19,1397.0
2019/12/20,1247.0
2019/12/21,1518.0
2019/12/22,1863.0
2019/12/23,1416.0
2019/12/24,1215.0
2019/12/25,1231.0
2019/12/26,1292.0
2019/12/27,1126.0
2019/12/28,1491.0
2019/12/29,1837.0
2019/12/30,1261.0
2019/12/31,905.0
2020/1/1,2002.0
2020/1/2,1658.0
2020/1/3,1494.0
2020/1/4,1652.0
2020/1/5,1965.0
2020/1/6,1573.0
2020/1/7,1379.0
2020/1/8,1281.0
2020/1/9,1237.0
2020/1/10,1203.0
2020/1/11,1412.0
2020/1/12,1605.0
2020/1/13,1200.0
2020/1/14,1178.0
2020/1/15,1184.0
2020/1/16,1068.0
2020/1/17,1237.0
2020/1/18,1459.0
2020/1/19,1548.0
2020/1/20,1636.0
2020/1/21,1590.0
2020/1/22,1683.0
2020/1/23,2046.0
2020/1/24,1724.0
2020/1/25,8007.0
2020/1/26,6406.0
2020/1/27,4998.0
2020/1/28,5497.0
2020/1/29,6620.0
2020/1/30,6746.0
2020/1/31,6044.0
2020/2/1,4942.0
2020/2/2,5631.0
2020/2/3,3104.0
2020/2/4,2635.0
2020/2/5,2894.0
2020/2/6,2739.0
2020/2/7,2260.0
2020/2/8,2262.0
2020/2/9,2236.0
2020/2/10,2042.0
2020/2/11,1899.0
2020/2/12,1796.0
2020/2/13,1677.0
2020/2/14,1440.0
2020/2/15,1693.0
2020/2/16,1835.0
2020/2/17,1489.0
2020/2/18,1379.0
2020/2/19,1425.0
2020/2/20,1381.0
2020/2/21,1334.0
2020/2/22,1531.0
2020/2/23,1566.0
2020/2/24,1399.0
2020/2/25,1513.0
2020/2/26,1481.0
2020/2/27,1453.0
2020/2/28,1607.0
2020/2/29,1733.0
2020/3/1,2048.0
2020/3/2,1690.0
2020/3/3,1561.0
2020/3/4,1553.0
2020/3/5,1473.0
2020/3/6,1103.0
2020/3/7,1266.0
2020/3/8,1695.0
2020/3/9,1191.0
2020/3/10,1211.0
2020/3/11,1454.0
2020/3/12,1427.0
2020/3/13,1310.0
2020/3/14,1460.0
2020/3/15,1643.0
2020/3/16,1273.0
2020/3/17,1188.0
2020/3/18,1130.0
2020/3/19,1061.0
2020/3/20,1099.0
2020/3/21,1224.0
2020/3/22,2059.0
2020/3/23,1340.0
2020/3/24,3174.0
2020/3/25,11485.0
2020/3/26,9504.0
2020/3/27,6168.0
2020/3/28,5239.0
2020/3/29,4550.0
2020/3/30,3244.0
2020/3/31,3949.0
2020/4/1,3495.0
2020/4/2,3881.0
2020/4/3,3212.0
2020/4/4,3700.0
2020/4/5,3868.0
2020/4/6,3151.0
2020/4/7,2656.0
2020/4/8,2278.0
2020/4/9,2026.0
2020/4/10,1710.0
2020/4/11,1955.0
2020/4/12,2046.0
2020/4/13,1689.0
2020/4/14,1280.0
2020/4/15,1275.0
2020/4/16,1153.0
2020/4/17,1157.0
2020/4/18,1377.0
2020/4/19,1463.0
2020/4/20,1147.0
2020/4/21,1097.0
2020/4/22,1121.0
2020/4/23,1064.0
2020/4/24,1117.0
2020/4/25,1320.0
2020/4/26,1403.0
2020/4/27,1226.0
2020/4/28,1091.0
2020/4/29,1001.0
2020/4/30,992.0
2020/5/1,1189.0
2020/5/2,1239.0
2020/5/3,1385.0
2020/5/4,1170.0
2020/5/5,1114.0
2020/5/6,994.0
2020/5/7,1154.0
2020/5/8,979.0
2020/5/9,1295.0
2020/5/10,1430.0
2020/5/11,1132.0
2020/5/12,1087.0
2020/5/13,1004.0
2020/5/14,879.0
2020/5/15,886.0
2020/5/16,1069.0
2020/5/17,1173.0
2020/5/18,905.0
2020/5/19,930.0
2020/5/20,1085.0
2020/5/21,1320.0
2020/5/22,1254.0
2020/5/23,1524.0
2020/5/24,1996.0
2020/5/25,10885.0
2020/5/26,7537.0
2020/5/27,5263.0
2020/5/28,3922.0
2020/5/29,3513.0
2020/5/30,3585.0
2020/5/31,3951.0
2020/6/1,3066.0
2020/6/2,2613.0
2020/6/3,2739.0
2020/6/4,2154.0
2020/6/5,1577.0
2020/6/6,1988.0
2020/6/7,2211.0
2020/6/8,1734.0
2020/6/9,2130.0
2020/6/10,1965.0
2020/6/11,1648.0
2020/6/12,1548.0
2020/6/13,1624.0
2020/6/14,2048.0
2020/6/15,1542.0
2020/6/16,1526.0
2020/6/17,1376.0
2020/6/18,1302.0
2020/6/19,1185.0
2020/6/20,1172.0
2020/6/21,1169.0
2020/6/22,1085.0
2020/6/23,1161.0
2020/6/24,1258.0
2020/6/25,1413.0
2020/6/26,1596.0
2020/6/27,1589.0
2020/6/28,1804.0
2020/6/29,1487.0
2020/6/30,1654.0
2020/7/1,1743.0
2020/7/2,1670.0
2020/7/3,1371.0
2020/7/4,1517.0
2020/7/5,1533.0
2020/7/6,1354.0
2020/7/7,1229.0
2020/7/8,1212.0
2020/7/9,1053.0
2020/7/10,1287.0
2020/7/11,1248.0
2020/7/12,1462.0
2020/7/13,1188.0
2020/7/14,1107.0
2020/7/15,1352.0
2020/7/16,1266.0
2020/7/17,1180.0
2020/7/18,1375.0
2020/7/19,1509.0
2020/7/20,1378.0
2020/7/21,1463.0
2020/7/22,1367.0
2020/7/23,1444.0
2020/7/24,1575.0
2020/7/25,13102.0
2020/7/26,11254.0
2020/7/27,8463.0
2020/7/28,6702.0
2020/7/29,4480.0
2020/7/30,3303.0
2020/7/31,2780.0
2020/8/1,2908.0
2020/8/2,3059.0
2020/8/3,2536.0
2020/8/4,2467.0
2020/8/5,2523.0
2020/8/6,2506.0
2020/8/7,1998.0
2020/8/8,2226.0
2020/8/9,2370.0
2020/8/10,2018.0
2020/8/11,1799.0
2020/8/12,1538.0
2020/8/13,1489.0
2020/8/14,1469.0
2020/8/15,1663.0
2020/8/16,1827.0
2020/8/17,1450.0
2020/8/18,1462.0
2020/8/19,1409.0
2020/8/20,1386.0
2020/8/21,1282.0
2020/8/22,1494.0
2020/8/23,1550.0
2020/8/24,1257.0
2020/8/25,1078.0
2020/8/26,1157.0
2020/8/27,1357.0
2020/8/28,1252.0
2020/8/29,1453.0
2020/8/30,1667.0
2020/8/31,1476.0
2020/9/1,1418.0
2020/9/2,1362.0
2020/9/3,1363.0
2020/9/4,1212.0
2020/9/5,1372.0
2020/9/6,1429.0
2020/9/7,1247.0
2020/9/8,1317.0
2020/9/9,1273.0
2020/9/10,1177.0
2020/9/11,1444.0
2020/9/12,1469.0
2020/9/13,1593.0
2020/9/14,1372.0
2020/9/15,1211.0
2020/9/16,1020.0
2020/9/17,1070.0
2020/9/18,883.0
2020/9/19,1310.0
2020/9/20,1475.0
2020/9/21,1342.0
2020/9/22,1658.0
2020/9/23,1334.0
2020/9/24,1343.0
2020/9/25,9614.0
2020/9/26,6113.0
2020/9/27,5335.0
2020/9/28,4290.0
2020/9/29,3209.0
2020/9/30,2328.0
2020/10/1,2342.0
2020/10/2,2837.0
2020/10/3,2163.0
2020/10/4,2609.0
2020/10/5,2866.0
2020/10/6,3430.0
2020/10/7,2505.0
2020/10/8,2113.0
2020/10/9,2420.0
2020/10/10,2100.0
2020/10/11,2548.0
2020/10/12,2311.0
2020/10/13,1914.0
2020/10/14,1735.0
2020/10/15,1571.0
2020/10/16,1551.0
2020/10/17,1473.0
2020/10/18,1603.0
2020/10/19,1320.0
2020/10/20,1522.0
2020/10/21,1401.0
2020/10/22,1324.0
2020/10/23,1414.0
2020/10/24,1777.0
2020/10/25,1901.0
2020/10/26,1499.0
2020/10/27,1614.0
2020/10/28,1518.0
2020/10/29,1544.0
2020/10/30,1764.0
2020/10/31,2127.0
2020/11/1,2503.0
2020/11/2,1963.0
2020/11/3,2193.0
2020/11/4,2346.0
2020/11/5,1977.0
2020/11/6,1606.0
2020/11/7,1875.0
2020/11/8,1987.0
2020/11/9,1507.0
2020/11/10,1719.0
2020/11/11,1480.0
2020/11/12,1518.0
2020/11/13,1794.0
2020/11/14,1965.0
2020/11/15,2145.0
2020/11/16,1815.0
2020/11/17,1599.0
2020/11/18,1581.0
2020/11/19,1595.0
2020/11/20,1652.0
2020/11/21,1604.0
2020/11/22,2177.0
2020/11/23,2069.0
2020/11/24,4151.0
2020/11/25,15395.0
2020/11/26,8107.0
2020/11/27,4472.0
2020/11/28,4919.0
2020/11/29,5442.0
2020/11/30,4048.0
2020/12/1,3444.0
2020/12/2,3134.0
2020/12/3,2598.0
2020/12/4,2838.0
2020/12/5,2825.0
2020/12/6,3605.0
2020/12/7,2564.0
2020/12/8,2327.0
2020/12/9,2363.0
2020/12/10,2178.0
2020/12/11,1884.0
2020/12/12,2333.0
2020/12/13,2614.0
2020/12/14,1852.0
2020/12/15,1474.0
2020/12/16,1333.0
2020/12/17,1433.0
2020/12/18,1675.0
2020/12/19,1950.0
2020/12/20,2067.0
2020/12/21,1492.0
2020/12/22,1536.0
2020/12/23,1585.0
2020/12/24,1436.0
2020/12/25,1383.0
2020/12/26,1799.0
2020/12/27,2148.0
2020/12/28,1399.0
2020/12/29,1510.0
2020/12/30,1285.0
2020/12/31,1113.0
2021/1/1,1705.0
2021/1/2,1839.0
2021/1/3,2069.0
2021/1/4,1757.0
2021/1/5,1684.0
2021/1/6,1537.0
2021/1/7,1432.0
2021/1/8,1282.0
2021/1/9,1574.0
2021/1/10,1824.0
2021/1/11,1404.0
2021/1/12,1246.0
2021/1/13,1317.0
2021/1/14,1398.0
2021/1/15,1459.0
2021/1/16,1798.0
2021/1/17,1967.0
2021/1/18,1420.0
2021/1/19,1336.0
2021/1/20,1313.0
2021/1/21,1521.0
2021/1/22,1553.0
2021/1/23,1841.0
2021/1/24,1852.0
2021/1/25,10471.0
2021/1/26,7791.0
2021/1/27,5242.0
2021/1/28,4067.0
2021/1/29,3920.0
2021/1/30,4097.0
2021/1/31,4267.0
2021/2/1,3405.0
2021/2/2,3002.0
2021/2/3,2678.0
2021/2/4,5142.0
2021/2/5,3354.0
2021/2/6,3603.0
2021/2/7,3401.0
2021/2/8,3231.0
2021/2/9,2888.0
2021/2/10,2901.0
2021/2/11,2447.0
2021/2/12,2169.0
2021/2/13,2204.0
2021/2/14,2223.0
2021/2/15,2263.0
2021/2/16,2822.0
2021/2/17,2601.0
2021/2/18,2331.0
2021/2/19,2526.0
2021/2/20,2520.0
2021/2/21,2523.0
2021/2/22,1901.0
2021/2/23,2147.0
2021/2/24,1660.0
2021/2/25,1609.0
2021/2/26,2048.0
2021/2/27,2260.0
2021/2/28,2038.0
2021/3/1,2206.0
2021/3/2,1707.0
2021/3/3,1609.0
2021/3/4,1573.0
2021/3/5,1493.0
2021/3/6,1812.0
2021/3/7,2102.0
2021/3/8,1645.0
2021/3/9,1578.0
2021/3/10,1554.0
2021/3/11,1386.0
2021/3/12,1282.0
2021/3/13,1568.0
2021/3/14,1744.0
2021/3/15,1462.0
2021/3/16,1277.0
2021/3/17,1296.0
2021/3/18,1253.0
2021/3/19,1219.0
2021/3/20,1563.0
2021/3/21,1690.0
2021/3/22,1251.0
2021/3/23,1268.0
2021/3/24,1615.0
2021/3/25,9057.0
2021/3/26,5336.0
2021/3/27,4599.0
2021/3/28,4168.0
2021/3/29,2883.0
2021/3/30,2696.0
2021/3/31,2338.0
2021/4/1,2482.0
2021/4/2,2538.0
2021/4/3,2276.0
2021/4/4,2429.0
2021/4/5,2571.0
2021/4/6,2800.0
2021/4/7,2731.0
2021/4/8,1902.0
2021/4/9,1683.0
2021/4/10,2068.0
2021/4/11,2100.0
2021/4/12,1735.0
2021/4/13,1617.0
2021/4/14,1568.0
2021/4/15,1399.0
2021/4/16,1411.0
2021/4/17,1573.0
2021/4/18,1843.0
2021/4/19,1383.0
2021/4/20,1353.0
2021/4/21,1279.0
2021/4/22,1191.0
2021/4/23,1168.0
2021/4/24,1427.0
2021/4/25,1674.0
2021/4/26,1185.0
2021/4/27,1190.0
2021/4/28,1171.0
2021/4/29,1331.0
2021/4/30,1466.0
2021/5/1,1609.0
2021/5/2,1749.0
2021/5/3,1435.0
2021/5/4,1664.0
2021/5/5,1531.0
2021/5/6,1273.0
2021/5/7,1366.0
2021/5/8,1849.0
2021/5/9,2032.0
2021/5/10,1521.0
2021/5/11,1248.0
2021/5/12,1217.0
2021/5/13,1161.0
2021/5/14,1169.0
2021/5/15,1573.0
2021/5/16,1684.0
2021/5/17,1108.0
2021/5/18,1002.0
2021/5/19,1194.0
2021/5/20,1194.0
2021/5/21,1244.0
2021/5/22,1486.0
2021/5/23,1627.0
2021/5/24,1359.0
2021/5/25,9545.0
2021/5/26,5948.0
2021/5/27,3551.0
2021/5/28,2331.0
2021/5/29,2688.0
2021/5/30,3353.0
2021/5/31,2472.0
2021/6/1,2067.0
2021/6/2,1931.0
2021/6/3,1824.0
2021/6/4,2998.0
2021/6/5,2324.0
2021/6/6,2457.0
2021/6/7,1804.0
2021/6/8,1545.0
2021/6/9,1476.0
2021/6/10,1431.0
2021/6/11,1383.0
2021/6/12,1490.0
2021/6/13,1548.0
2021/6/14,1476.0
2021/6/15,1173.0
2021/6/16,1190.0
2021/6/17,1135.0
2021/6/18,1024.0
2021/6/19,1288.0
2021/6/20,1336.0
2021/6/21,1005.0
2021/6/22,1005.0
2021/6/23,1016.0
2021/6/24,1042.0
2021/6/25,1035.0
2021/6/26,1233.0
2021/6/27,1246.0
2021/6/28,1086.0
2021/6/29,979.0
2021/6/30,1065.0
2021/7/1,1050.0
2021/7/2,1049.0
2021/7/3,1304.0
2021/7/4,1513.0
2021/7/5,1283.0
2021/7/6,1073.0
2021/7/7,1044.0
2021/7/8,1000.0
2021/7/9,1082.0
2021/7/10,1170.0
2021/7/11,1282.0
2021/7/12,1041.0
2021/7/13,971.0
2021/7/14,1410.0
2021/7/15,1260.0
2021/7/16,1045.0
2021/7/17,1111.0
2021/7/18,1170.0
2021/7/19,974.0
2021/7/20,883.0
2021/7/21,904.0
2021/7/22,907.0
2021/7/23,1062.0
2021/7/24,1267.0
2021/7/25,7312.0
2021/7/26,5840.0
2021/7/27,5353.0
2021/7/28,3094.0
2021/7/29,2637.0
2021/7/30,2154.0
2021/7/31,2362.0
2021/8/1,2137.0
2021/8/2,2131.0
2021/8/3,2074.0
2021/8/4,2264.0
2021/8/5,2047.0
2021/8/6,2145.0
2021/8/7,2230.0
2021/8/8,2247.0
2021/8/9,1839.0
2021/8/10,1586.0
2021/8/11,1512.0
2021/8/12,1388.0
2021/8/13,1445.0
2021/8/14,1498.0
2021/8/15,1601.0
2021/8/16,1292.0
2021/8/17,1205.0
2021/8/18,1179.0
2021/8/19,1180.0
2021/8/20,1008.0
2021/8/21,1131.0
2021/8/22,1426.0
2021/8/23,1198.0
2021/8/24,1206.0
2021/8/25,2072.0
2021/8/26,1557.0
2021/8/27,1241.0
2021/8/28,1424.0
2021/8/29,1398.0
2021/8/30,1215.0
2021/8/31,1172.0
2021/9/1,1138.0
2021/9/2,1113.0
2021/9/3,1102.0
2021/9/4,1221.0
2021/9/5,1363.0
2021/9/6,865.0
2021/9/7,786.0
2021/9/8,764.0
2021/9/9,940.0
2021/9/10,1008.0
2021/9/11,1093.0
2021/9/12,1424.0
2021/9/13,980.0
2021/9/14,903.0
2021/9/15,879.0
2021/9/16,924.0
2021/9/17,847.0
2021/9/18,1042.0
2021/9/19,1142.0
2021/9/20,1101.0
2021/9/21,1330.0
2021/9/22,1145.0
2021/9/23,1199.0
2021/9/24,1435.0
2021/9/25,6857.0
2021/9/26,5135.0
2021/9/27,3483.0
2021/9/28,2577.0
2021/9/29,2409.0
2021/9/30,2304.0
2021/10/1,2298.0
2021/10/2,2279.0
2021/10/3,2375.0
2021/10/4,2154.0
2021/10/5,1990.0
2021/10/6,2231.0
2021/10/7,2103.0
2021/10/8,2113.0
2021/10/9,2525.0
2021/10/10,2418.0
2021/10/11,2657.0
2021/10/12,2005.0
2021/10/13,1830.0
2021/10/14,1789.0
2021/10/15,1734.0
2021/10/16,2186.0
2021/10/17,2366.0
2021/10/18,1702.0
2021/10/19,1707.0
2021/10/20,1417.0
2021/10/21,1480.0
2021/10/22,1525.0
2021/10/23,1883.0
2021/10/24,1885.0
2021/10/25,1432.0
2021/10/26,1371.0
2021/10/27,1485.0
2021/10/28,1426.0
2021/10/29,1394.0
2021/10/30,1767.0
2021/10/31,1737.0
2021/11/1,1248.0
2021/11/2,1219.0
2021/11/3,1272.0
2021/11/4,1449.0
2021/11/5,1523.0
2021/11/6,1912.0
2021/11/7,1945.0
2021/11/8,1481.0
2021/11/9,1389.0
2021/11/10,1431.0
2021/11/11,1417.0
2021/11/12,1300.0
2021/11/13,1697.0
2021/11/14,1880.0
2021/11/15,1404.0
2021/11/16,1274.0
2021/11/17,1298.0
2021/11/18,1223.0
2021/11/19,1276.0
2021/11/20,1584.0
2021/11/21,1783.0
2021/11/22,1394.0
2021/11/23,1237.0
2021/11/24,1458.0
2021/11/25,7261.0
2021/11/26,4397.0
2021/11/27,3526.0
2021/11/28,3662.0
2021/11/29,2596.0
2021/11/30,2276.0
2021/12/1,2111.0
2021/12/2,2175.0
2021/12/3,1965.0
2021/12/4,2326.0
2021/12/5,2669.0
2021/12/6,2330.0
2021/12/7,1797.0
2021/12/8,1710.0
2021/12/9,1555.0
2021/12/10,1540.0
2021/12/11,1749.0
2021/12/12,1773.0
2021/12/13,1300.0
2021/12/14,1368.0
2021/12/15,1376.0
2021/12/16,1606.0
2021/12/17,1570.0
2021/12/18,1828.0
2021/12/19,1738.0
2021/12/20,1366.0
2021/12/21,1306.0
2021/12/22,1309.0
2021/12/23,1167.0
2021/12/24,1164.0
2021/12/25,1397.0
2021/12/26,1607.0
2021/12/27,1140.0
2021/12/28,1206.0
2021/12/29,1265.0
2021/12/30,1209.0
2021/12/31,1386.0
2022/1/1,1575.0
2022/1/2,1912.0
2022/1/3,1326.0
2022/1/4,1447.0
2022/1/5,1431.0
2022/1/6,1424.0
2022/1/7,1220.0
2022/1/8,1586.0
2022/1/9,1732.0
2022/1/10,1327.0
2022/1/11,1187.0
2022/1/12,1148.0
2022/1/13,1032.0
2022/1/14,1119.0
2022/1/15,1439.0
2022/1/16,1645.0
2022/1/17,1202.0
2022/1/18,1166.0
2022/1/19,1146.0
2022/1/20,1180.0
2022/1/21,1360.0
2022/1/22,1514.0
2022/1/23,1795.0
2022/1/24,1386.0
2022/1/25,7972.0
2022/1/26,4823.0
2022/1/27,3279.0
2022/1/28,3165.0
2022/1/29,3271.0
2022/1/30,2902.0
2022/1/31,2303.0
2022/2/1,2064.0
2022/2/2,2061.0
2022/2/3,2109.0
2022/2/4,2570.0
2022/2/5,2626.0
2022/2/6,2757.0
2022/2/7,2253.0
2022/2/8,2198.0
2022/2/9,2155.0
2022/2/10,1937.0
2022/2/11,1791.0
2022/2/12,2154.0
2022/2/13,2194.0
2022/2/14,1675.0
2022/2/15,1612.0
2022/2/16,1232.0
2022/2/17,1232.0
2022/2/18,1193.0
2022/2/19,1542.0
2022/2/20,1460.0
2022/2/21,1088.0
2022/2/22,1096.0
2022/2/23,1066.0
2022/2/24,1076.0
2022/2/25,1058.0
2022/2/26,1338.0
2022/2/27,1360.0
2022/2/28,1465.0
2022/3/1,1183.0
2022/3/2,1079.0
2022/3/3,1064.0
2022/3/4,1091.0
2022/3/5,1376.0
2022/3/6,1424.0
2022/3/7,1063.0
2022/3/8,984.0
2022/3/9,945.0
2022/3/10,922.0
2022/3/11,1277.0
2022/3/12,1548.0
2022/3/13,1520.0
2022/3/14,980.0
2022/3/15,1014.0
2022/3/16,1016.0
2022/3/17,967.0
2022/3/18,1104.0
2022/3/19,1229.0
2022/3/20,1276.0
2022/3/21,1031.0
2022/3/22,1049.0
2022/3/23,1114.0
2022/3/24,1180.0
2022/3/25,7689.0
2022/3/26,5359.0
2022/3/27,4254.0
2022/3/28,2385.0
2022/3/29,2072.0
2022/3/30,1922.0
2022/3/31,1814.0
2022/4/1,1887.0
2022/4/2,2299.0
2022/4/3,2275.0
2022/4/4,2265.0
2022/4/5,2387.0
2022/4/6,1998.0
2022/4/7,1481.0
2022/4/8,1408.0
2022/4/9,1583.0
2022/4/10,1736.0
2022/4/11,1237.0
2022/4/12,1156.0
2022/4/13,1154.0
2022/4/14,967.0
2022/4/15,1053.0
2022/4/16,1247.0
2022/4/17,1404.0
2022/4/18,1025.0
2022/4/19,1023.0
2022/4/20,956.0
2022/4/21,992.0
2022/4/22,954.0
2022/4/23,1261.0
2022/4/24,1349.0
2022/4/25,1011.0
2022/4/26,958.0
2022/4/27,935.0
2022/4/28,859.0
2022/4/29,931.0
2022/4/30,1143.0
2022/5/1,1300.0
2022/5/2,1050.0
2022/5/3,899.0
2022/5/4,889.0
2022/5/5,906.0
2022/5/6,834.0
2022/5/7,1143.0
2022/5/8,1161.0
2022/5/9,837.0
2022/5/10,811.0
2022/5/11,826.0
2022/5/12,779.0
2022/5/13,846.0
2022/5/14,980.0
2022/5/15,1054.0
2022/5/16,787.0
2022/5/17,723.0
2022/5/18,735.0
2022/5/19,669.0
2022/5/20,702.0
2022/5/21,886.0
2022/5/22,980.0
2022/5/23,1013.0
2022/5/24,935.0
2022/5/25,6645.0
2022/5/26,2965.0
2022/5/27,2084.0
2022/5/28,2158.0
2022/5/29,2122.0
2022/5/30,1621.0
2022/5/31,1500.0
2022/6/1,1597.0
2022/6/2,1559.0
2022/6/3,1829.0
2022/6/4,1715.0
2022/6/5,1672.0
2022/6/6,1572.0
2022/6/7,1210.0
2022/6/8,1187.0
2022/6/9,1083.0
2022/6/10,1036.0
2022/6/11,1218.0
2022/6/12,1267.0
2022/6/13,1022.0
2022/6/14,925.0
2022/6/15,904.0
2022/6/16,928.0
2022/6/17,876.0
2022/6/18,1024.0
2022/6/19,1156.0
2022/6/20,909.0
2022/6/21,878.0
2022/6/22,816.0
2022/6/23,913.0
2022/6/24,832.0
2022/6/25,1035.0
2022/6/26,1109.0
2022/6/27,913.0
2022/6/28,923.0
2022/6/29,906.0
2022/6/30,946.0
2022/7/1,965.0
2022/7/2,1038.0
2022/7/3,1143.0
2022/7/4,1034.0
2022/7/5,994.0
2022/7/6,920.0
2022/7/7,846.0
2022/7/8,955.0
2022/7/9,1055.0
2022/7/10,1157.0
2022/7/11,955.0
2022/7/12,886.0
2022/7/13,920.0
2022/7/14,824.0
2022/7/15,876.0
2022/7/16,1031.0
2022/7/17,1074.0
2022/7/18,954.0
2022/7/19,886.0
2022/7/20,909.0
2022/7/21,902.0
2022/7/22,913.0
2022/7/23,1176.0
2022/7/24,1382.0
2022/7/25,6732.0
2022/7/26,4881.0
2022/7/27,3008.0
2022/7/28,2322.0
2022/7/29,2307.0
2022/7/30,2684.0
2022/7/31,2769.0
2022/8/1,2113.0
2022/8/2,1809.0
2022/8/3,1676.0
2022/8/4,1456.0
2022/8/5,1507.0
2022/8/6,1954.0
2022/8/7,2006.0
2022/8/8,1578.0
2022/8/9,1360.0
2022/8/10,1436.0
2022/8/11,1452.0
2022/8/12,1420.0
2022/8/13,1553.0
2022/8/14,1589.0
2022/8/15,1172.0
2022/8/16,1244.0
2022/8/17,1089.0
2022/8/18,1076.0
2022/8/19,1018.0
2022/8/20,1194.0
2022/8/21,1275.0
2022/8/22,1076.0
2022/8/23,963.0
2022/8/24,972.0
2022/8/25,1015.0
2022/8/26,1004.0
2022/8/27,1194.0
2022/8/28,1278.0
2022/8/29,1128.0
2022/8/30,1000.0
2022/8/31,1032.0
2022/9/1,1018.0
2022/9/2,1124.0
2022/9/3,1409.0
2022/9/4,1433.0
2022/9/5,1083.0
2022/9/6,965.0
2022/9/7,940.0
2022/9/8,908.0
2022/9/9,1138.0
2022/9/10,1189.0
2022/9/11,1373.0
2022/9/12,1084.0
2022/9/13,1045.0
2022/9/14,941.0
2022/9/15,897.0
2022/9/16,1242.0
2022/9/17,1628.0
2022/9/18,1518.0
2022/9/19,1179.0
2022/9/20,1412.0
2022/9/21,1392.0
2022/9/22,1234.0
2022/9/23,1277.0
2022/9/24,1656.0
2022/9/25,9912.0
2022/9/26,6657.0
2022/9/27,9515.0
2022/9/28,7268.0
2022/9/29,2527.0
2022/9/30,2348.0
2022/10/1,2833.0
2022/10/2,2726.0
2022/10/3,2060.0
2022/10/4,2636.0
2022/10/5,2216.0
2022/10/6,2229.0
2022/10/7,2163.0
2022/10/8,2602.0
2022/10/9,2496.0
2022/10/10,2407.0
2022/10/11,1698.0
2022/10/12,1646.0
2022/10/13,1578.0
2022/10/14,1675.0
2022/10/15,2093.0
2022/10/16,2233.0
2022/10/17,1743.0
2022/10/18,1612.0
2022/10/19,1448.0
2022/10/20,1403.0
2022/10/21,1541.0
2022/10/22,1866.0
2022/10/23,1873.0
2022/10/24,1368.0
2022/10/25,1503.0
2022/10/26,1433.0
2022/10/27,1291.0
2022/10/28,1318.0
2022/10/29,1708.0
2022/10/30,1686.0
2022/10/31,1586.0
2022/11/1,1583.0
2022/11/2,1307.0
2022/11/3,1248.0
2022/11/4,1243.0
2022/11/5,1523.0
2022/11/6,1704.0
2022/11/7,1282.0
2022/11/8,1249.0
2022/11/9,1185.0
2022/11/10,1088.0
2022/11/11,1558.0
2022/11/12,1781.0
2022/11/13,1791.0
2022/11/14,1329.0
2022/11/15,1177.0
2022/11/16,1123.0
2022/11/17,1146.0
2022/11/18,1141.0
2022/11/19,1422.0
2022/11/20,1696.0
2022/11/21,1466.0
2022/11/22,1579.0
2022/11/23,1470.0
2022/11/24,1423.0
2022/11/25,8553.0
2022/11/26,6058.0
2022/11/27,4707.0
2022/11/28,3096.0
2022/11/29,2925.0
2022/11/30,2774.0
2022/12/1,2456.0
2022/12/2,2089.0
2022/12/3,2318.0
2022/12/4,2677.0
2022/12/5,1860.0
2022/12/6,1825.0
2022/12/7,1667.0
2022/12/8,1536.0
2022/12/9,1350.0
2022/12/10,1758.0
2022/12/11,1851.0
2022/12/12,1374.0
2022/12/13,1285.0
2022/12/14,1134.0
2022/12/15,1149.0
2022/12/16,1216.0
2022/12/17,1331.0
2022/12/18,1339.0
2022/12/19,1097.0
2022/12/20,1110.0
2022/12/21,1056.0
2022/12/22,995.0
2022/12/23,1018.0
2022/12/24,1297.0
2022/12/25,1329.0
2022/12/26,1122.0
2022/12/27,1015.0
2022/12/28,1213.0
2022/12/29,1149.0
2022/12/30,1133.0
2022/12/31,1226.0
2023/1/1,1523.0
2023/1/2,1625.0
2023/1/3,1222.0
2023/1/4,1085.0
2023/1/5,1092.0
2023/1/6,1119.0
2023/1/7,1134.0
2023/1/8,1411.0
2023/1/9,1110.0
2023/1/10,1115.0
2023/1/11,1011.0
2023/1/12,1076.0
2023/1/13,1035.0
2023/1/14,1357.0
2023/1/15,1424.0
2023/1/16,1032.0
2023/1/17,1044.0
2023/1/18,1094.0
2023/1/19,1396.0
2023/1/20,1981.0
2023/1/21,1790.0
2023/1/22,1465.0
2023/1/23,1613.0
2023/1/24,1632.0
2023/1/25,9195.0
2023/1/26,6287.0
2023/1/27,3871.0
2023/1/28,3951.0
2023/1/29,4300.0
2023/1/30,3642.0
2023/1/31,2473.0
2023/2/1,2189.0
2023/2/2,1943.0
2023/2/3,2097.0
2023/2/4,2413.0
2023/2/5,2389.0
2023/2/6,2210.0
2023/2/7,1986.0
2023/2/8,1699.0
2023/2/9,1618.0
2023/2/10,1622.0
2023/2/11,1847.0
2023/2/12,1955.0
2023/2/13,1407.0
2023/2/14,1206.0
2023/2/15,1224.0
2023/2/16,1090.0
2023/2/17,1208.0
2023/2/18,1352.0
2023/2/19,1621.0
2023/2/20,1187.0
2023/2/21,1093.0
2023/2/22,1114.0
2023/2/23,1118.0
2023/2/24,1060.0
2023/2/25,1425.0
2023/2/26,1480.0
2023/2/27,1545.0
2023/2/28,1569.0
2023/3/1,1180.0
2023/3/2,1097.0
2023/3/3,1106.0
2023/3/4,1393.0
2023/3/5,1562.0
2023/3/6,1144.0
2023/3/7,982.0
2023/3/8,1002.0
2023/3/9,990.0
2023/3/10,944.0
2023/3/11,1144.0
2023/3/12,1287.0
2023/3/13,906.0
2023/3/14,909.0
2023/3/15,861.0
2023/3/16,827.0
2023/3/17,824.0
2023/3/18,1030.0
2023/3/19,1109.0
2023/3/20,862.0
2023/3/21,956.0
2023/3/22,943.0
2023/3/23,917.0
2023/3/24,985.0
2023/3/25,7202.0
2023/3/26,4403.0
2023/3/27,2859.0
2023/3/28,2234.0
2023/3/29,2149.0
2023/3/30,2239.0
2023/3/31,2015.0
2023/4/1,2217.0
2023/4/2,2042.0
2023/4/3,1795.0
2023/4/4,2183.0
2023/4/5,2118.0
2023/4/6,1754.0
2023/4/7,1549.0
2023/4/8,2126.0
2023/4/9,1769.0
2023/4/10,1332.0
2023/4/11,1340.0
2023/4/12,1266.0
2023/4/13,1260.0
2023/4/14,1116.0
2023/4/15,1412.0
2023/4/16,1374.0
2023/4/17,1113.0
2023/4/18,1430.0
2023/4/19,1014.0
2023/4/20,930.0
2023/4/21,914.0
2023/4/22,1121.0
2023/4/23,1281.0
2023/4/24,911.0
2023/4/25,963.0
2023/4/26,939.0
2023/4/27,867.0
2023/4/28,962.0
2023/4/29,1105.0
2023/4/30,1303.0
2023/5/1,1304.0
2023/5/2,1080.0
2023/5/3,1014.0
2023/5/4,957.0
2023/5/5,986.0
2023/5/6,1180.0
2023/5/7,1258.0
2023/5/8,949.0
2023/5/9,888.0
2023/5/10,950.0
2023/5/11,889.0
2023/5/12,826.0
2023/5/13,1130.0
2023/5/14,1337.0
2023/5/15,903.0
2023/5/16,921.0
2023/5/17,1019.0
2023/5/18,911.0
2023/5/19,829.0
2023/5/20,1034.0
2023/5/21,1262.0
2023/5/22,964.0
2023/5/23,1059.0
2023/5/24,1230.0
2023/5/25,9658.0
2023/5/26,4879.0
2023/5/27,3138.0
2023/5/28,2929.0
2023/5/29,2199.0
2023/5/30,2089.0
2023/5/31,1777.0
2023/6/1,1595.0
2023/6/2,1408.0
2023/6/3,1651.0
2023/6/4,2002.0
2023/6/5,1651.0
2023/6/6,1808.0
2023/6/7,1570.0
2023/6/8,1429.0
2023/6/9,1266.0
2023/6/10,1513.0
2023/6/11,1689.0
2023/6/12,1261.0
2023/6/13,1153.0
2023/6/14,1074.0
2023/6/15,1082.0
2023/6/16,1081.0
2023/6/17,1167.0
2023/6/18,1332.0
2023/6/19,1055.0
2023/6/20,1979.0
2023/6/21,1011.0
2023/6/22,1288.0
2023/6/23,1269.0
2023/6/24,1229.0
2023/6/25,1379.0
2023/6/26,1085.0
2023/6/27,1148.0
2023/6/28,1072.0
2023/6/29,1128.0
2023/6/30,1138.0
2023/7/1,1339.0
2023/7/2,1459.0
2023/7/3,1257.0
2023/7/4,1232.0
2023/7/5,1334.0
2023/7/6,1176.0
2023/7/7,1079.0
2023/7/8,1234.0
2023/7/9,1350.0
2023/7/10,1140.0
2023/7/11,1083.0
2023/7/12,1133.0
2023/7/13,1035.0
2023/7/14,1050.0
2023/7/15,1220.0
2023/7/16,1415.0
2023/7/17,1209.0
2023/7/18,1099.0
2023/7/19,1140.0
2023/7/20,1188.0
2023/7/21,1706.0
2023/7/22,1879.0
2023/7/23,1795.0
2023/7/24,1576.0
2023/7/25,13772.0
2023/7/26,6641.0
2023/7/27,3721.0
2023/7/28,2864.0
2023/7/29,2845.0
2023/7/30,2932.0
2023/7/31,2247.0
2023/8/1,2294.0
2023/8/2,2000.0
2023/8/3,2182.0
2023/8/4,1952.0
2023/8/5,1965.0
2023/8/6,2165.0
2023/8/7,1637.0
2023/8/8,1472.0
2023/8/9,1537.0
2023/8/10,1502.0
2023/8/11,1421.0
2023/8/12,1595.0
2023/8/13,1738.0
2023/8/14,1388.0
2023/8/15,1194.0
2023/8/16,1194.0
2023/8/17,1094.0
2023/8/18,1040.0
2023/8/19,1266.0
2023/8/20,1494.0
2023/8/21,1358.0
2023/8/22,1179.0
2023/8/23,1118.0
2023/8/24,1080.0
2023/8/25,1136.0
2023/8/26,1268.0
2023/8/27,1402.0
2023/8/28,1190.0
2023/8/29,1171.0
2023/8/30,1129.0
2023/8/31,1084.0
2023/9/1,1260.0
2023/9/2,1760.0
2023/9/3,1788.0
2023/9/4,1647.0
2023/9/5,1542.0
2023/9/6,1276.0
2023/9/7,1159.0
2023/9/8,1111.0
2023/9/9,1239.0
2023/9/10,1481.0
2023/9/11,1166.0
2023/9/12,1161.0
2023/9/13,1165.0
2023/9/14,1049.0
2023/9/15,1034.0
2023/9/16,1250.0
2023/9/17,1418.0
2023/9/18,1083.0
2023/9/19,980.0
2023/9/20,1140.0
2023/9/21,932.0
2023/9/22,1446.0
2023/9/23,1745.0
2023/9/24,2210.0
2023/9/25,10741.0
2023/9/26,5856.0
2023/9/27,3358.0
2023/9/28,2726.0
2023/9/29,3166.0
2023/9/30,2900.0
2023/10/1,2741.0
2023/10/2,1874.0
2023/10/3,1444.0
2023/10/4,1775.0
2023/10/5,1892.0
2023/10/6,1804.0
2023/10/7,2121.0
2023/10/8,2045.0
2023/10/9,1852.0
2023/10/10,1866.0
2023/10/11,1315.0
2023/10/12,1394.0
2023/10/13,1207.0
2023/10/14,1539.0
2023/10/15,1580.0
2023/10/16,1222.0
2023/10/17,1133.0
2023/10/18,1167.0
2023/10/19,1092.0
2023/10/20,1069.0
2023/10/21,1449.0
2023/10/22,1498.0
2023/10/23,1131.0
2023/10/24,1095.0
2023/10/25,1139.0
2023/10/26,1216.0
2023/10/27,1090.0
2023/10/28,1383.0
2023/10/29,1512.0
2023/10/30,1245.0
2023/10/31,1217.0
2023/11/1,1289.0
2023/11/2,1171.0
2023/11/3,1255.0
2023/11/4,1622.0
2023/11/5,1716.0
2023/11/6,1197.0
2023/11/7,1185.0
2023/11/8,1115.0
2023/11/9,1032.0
2023/11/10,1125.0
2023/11/11,1518.0
2023/11/12,1513.0
2023/11/13,1095.0
2023/11/14,1036.0
2023/11/15,993.0
2023/11/16,1009.0
2023/11/17,904.0
2023/11/18,1231.0
2023/11/19,1417.0
2023/11/20,1200.0
2023/11/21,1182.0
2023/11/22,1171.0
2023/11/23,1310.0
2023/11/24,1432.0
2023/11/25,9377.0
2023/11/26,6324.0
2023/11/27,3973.0
2023/11/28,2875.0
2023/11/29,2569.0
2023/11/30,2180.0
2023/12/1,1953.0
2023/12/2,1970.0
2023/12/3,1999.0
2023/12/4,1896.0
2023/12/5,1644.0
2023/12/6,1697.0
2023/12/7,1410.0
2023/12/8,1355.0
2023/12/9,1606.0
2023/12/10,1789.0
2023/12/11,1333.0
2023/12/12,1054.0
2023/12/13,1138.0
2023/12/14,1021.0
2023/12/15,1014.0
2023/12/16,1262.0
2023/12/17,1450.0
2023/12/18,1000.0
2023/12/19,927.0
2023/12/20,917.0
2023/12/21,809.0
2023/12/22,966.0
2023/12/23,1347.0
2023/12/24,1798.0
2023/12/25,1160.0
2023/12/26,1054.0
2023/12/27,1054.0
2023/12/28,1154.0
2023/12/29,1053.0
2023/12/30,1366.0
2023/12/31,1171.0
2024/1/1,1351.0
2024/1/2,1117.0
2024/1/3,1506.0
2024/1/4,1352.0
2024/1/5,1105.0
2024/1/6,1290.0
2024/1/7,1393.0
2024/1/8,972.0
2024/1/9,963.0
2024/1/10,897.0
2024/1/11,898.0
2024/1/12,873.0
2024/1/13,1209.0
2024/1/14,1257.0
2024/1/15,937.0
2024/1/16,867.0
2024/1/17,853.0
2024/1/18,827.0
2024/1/19,896.0
2024/1/20,1283.0
2024/1/21,1492.0
2024/1/22,1186.0
2024/1/23,1061.0
2024/1/24,1073.0
2024/1/25,10290.0
2024/1/26,4919.0
2024/1/27,3671.0
2024/1/28,3049.0
2024/1/29,2370.0
2024/1/30,2010.0
2024/1/31,1716.0
2024/2/1,1618.0
2024/2/2,1595.0
2024/2/3,1731.0
2024/2/4,1915.0
2024/2/5,1682.0
2024/2/6,1734.0
2024/2/7,1652.0
2024/2/8,1828.0
2024/2/9,1638.0
2024/2/10,1534.0
2024/2/11,1494.0
2024/2/12,1520.0
2024/2/13,1561.0
2024/2/14,1724.0
2024/2/15,1586.0
2024/2/16,1415.0
2024/2/17,1473.0
2024/2/18,1689.0
2024/2/19,1251.0
2024/2/20,1121.0
2024/2/21,1010.0
2024/2/22,1000.0
2024/2/23,1020.0
2024/2/24,1196.0
2024/2/25,1333.0
2024/2/26,1028.0
2024/2/27,1005.0
2024/2/28,1379.0
2024/2/29,960.0
2024/3/1,1032.0
2024/3/2,1365.0
2024/3/3,1570.0
2024/3/4,1070.0
2024/3/5,1089.0
2024/3/6,1005.0
2024/3/7,950.0
2024/3/8,1009.0
2024/3/9,1366.0
2024/3/10,1522.0
2024/3/11,1055.0
2024/3/12,958.0
2024/3/13,995.0
2024/3/14,909.0
2024/3/15,1006.0
2024/3/16,1307.0
2024/3/17,1473.0
2024/3/18,1066.0
2024/3/19,980.0
2024/3/20,932.0
2024/3/21,869.0
2024/3/22,989.0
2024/3/23,1321.0
2024/3/24,1545.0
2024/3/25,8614.0
2024/3/26,4093.0
2024/3/27,2540.0
2024/3/28,1790.0
2024/3/29,2035.0
2024/3/30,2089.0
2024/3/31,2116.0
2024/4/1,1504.0
2024/4/2,1319.0
2024/4/3,1101.0
2024/4/4,1741.0
2024/4/5,1559.0
2024/4/6,1602.0
2024/4/7,1683.0
2024/4/8,1306.0
2024/4/9,1107.0
2024/4/10,1163.0
2024/4/11,1058.0
2024/4/12,966.0
2024/4/13,1165.0
2024/4/14,1174.0
2024/4/15,943.0
2024/4/16,892.0
2024/4/17,843.0
2024/4/18,744.0
2024/4/19,824.0
2024/4/20,1029.0
2024/4/21,1114.0
2024/4/22,792.0
2024/4/23,784.0
2024/4/24,795.0
2024/4/25,786.0
2024/4/26,867.0
2024/4/27,1059.0
2024/4/28,1196.0
2024/4/29,867.0
2024/4/30,877.0
2024/5/1,1029.0
2024/5/2,893.0
2024/5/3,815.0
2024/5/4,1015.0
2024/5/5,1296.0
2024/5/6,957.0
2024/5/7,804.0
2024/5/8,731.0
2024/5/9,639.0
2024/5/10,722.0
2024/5/11,1034.0
2024/5/12,1160.0
2024/5/13,816.0
2024/5/14,752.0
2024/5/15,790.0
2024/5/16,771.0
2024/5/17,720.0
2024/5/18,884.0
2024/5/19,1053.0
2024/5/20,752.0
2024/5/21,743.0
2024/5/22,703.0
2024/5/23,815.0
2024/5/24,1053.0
2024/5/25,6893.0
2024/5/26,4290.0
2024/5/27,2343.0
2024/5/28,1701.0
2024/5/29,1652.0
2024/5/30,1467.0
2024/5/31,1195.0
2024/6/1,1500.0
2024/6/2,1563.0
2024/6/3,1125.0
2024/6/4,1200.0
2024/6/5,1185.0
2024/6/6,1236.0
2024/6/7,1128.0
2024/6/8,1445.0
2024/6/9,1419.0
2024/6/10,1466.0
2024/6/11,1018.0
2024/6/12,971.0
2024/6/13,962.0
2024/6/14,852.0
2024/6/15,1016.0
2024/6/16,1216.0
2024/6/17,883.0
2024/6/18,926.0
2024/6/19,829.0
2024/6/20,822.0
2024/6/21,763.0
2024/6/22,980.0
2024/6/23,1087.0
2024/6/24,837.0
2024/6/25,780.0
2024/6/26,812.0
2024/6/27,762.0
2024/6/28,846.0
2024/6/29,1066.0
2024/6/30,1108.0
2024/7/1,1120.0
2024/7/2,961.0
2024/7/3,870.0
2024/7/4,1039.0
2024/7/5,914.0
2024/7/6,1053.0
2024/7/7,1096.0
2024/7/8,904.0
2024/7/9,839.0
2024/7/10,821.0
2024/7/11,809.0
2024/7/12,792.0
2024/7/13,986.0
2024/7/14,1045.0
2024/7/15,885.0
2024/7/16,765.0
2024/7/17,742.0
2024/7/18,794.0
2024/7/19,820.0
2024/7/20,1003.0
2024/7/21,1070.0
2024/7/22,956.0
2024/7/23,864.0
2024/7/24,1058.0
2024/7/25,8360.0
2024/7/26,3491.0
2024/7/27,2680.0
2024/7/28,2742.0
2024/7/29,2176.0
2024/7/30,1663.0
2024/7/31,1452.0
2024/8/1,1603.0
2024/8/2,1374.0
2024/8/3,1537.0
2024/8/4,1686.0
2024/8/5,1252.0
2024/8/6,1382.0
2024/8/7,1247.0
2024/8/8,1159.0
2024/8/9,1027.0
2024/8/10,1185.0
2024/8/11,1347.0
2024/8/12,1140.0
2024/8/13,1027.0
2024/8/14,1123.0
2024/8/15,1074.0
2024/8/16,1032.0
2024/8/17,1160.0
2024/8/18,1145.0
2024/8/19,1023.0
2024/8/20,934.0
2024/8/21,1046.0
2024/8/22,969.0
2024/8/23,943.0
2024/8/24,1055.0
2024/8/25,1189.0
2024/8/26,1018.0
2024/8/27,948.0
2024/8/28,949.0
2024/8/29,1073.0
2024/8/30,938.0
2024/8/31,1157.0
2024/9/1,1235.0
2024/9/2,916.0
2024/9/3,870.0
2024/9/4,877.0
2024/9/5,912.0
2024/9/6,810.0
2024/9/7,968.0
2024/9/8,1164.0
2024/9/9,865.0
2024/9/10,820.0
2024/9/11,806.0
2024/9/12,733.0
2024/9/13,701.0
2024/9/14,905.0
2024/9/15,1039.0
2024/9/16,764.0
2024/9/17,2126.0
2024/9/18,2119.0
2024/9/19,1841.0
2024/9/20,2198.0
2024/9/21,2505.0
2024/9/22,2404.0
2024/9/23,2053.0
2024/9/24,2041.0
2024/9/25,9684.0
2024/9/26,4962.0
2024/9/27,2768.0
2024/9/28,3060.0
2024/9/29,2849.0
2024/9/30,2152.0
2024/10/1,2098.0
2024/10/2,2044.0
2024/10/3,1640.0
2024/10/4,1634.0
2024/10/5,2006.0
2024/10/6,2274.0
2024/10/7,1528.0
2024/10/8,1507.0
2024/10/9,1473.0
2024/10/10,1949.0
2024/10/11,6516.0
2024/10/12,1810.0
2024/10/13,1915.0
2024/10/14,1315.0
2024/10/15,1259.0
2024/10/16,1186.0
2024/10/17,1304.0
2024/10/18,1285.0
2024/10/19,1556.0
2024/10/20,1666.0
2024/10/21,1109.0
2024/10/22,1092.0
2024/10/23,1134.0
2024/10/24,1221.0
2024/10/25,1355.0
2024/10/26,1401.0
2024/10/27,1599.0
2024/10/28,1035.0
2024/10/29,1245.0
2024/10/30,1160.0
2024/10/31,1096.0
2024/11/1,1036.0
2024/11/2,1374.0
2024/11/3,1403.0
2024/11/4,1150.0
2024/11/5,1044.0
2024/11/6,951.0
2024/11/7,898.0
2024/11/8,880.0
2024/11/9,1199.0
2024/11/10,1171.0
2024/11/11,857.0
2024/11/12,895.0
2024/11/13,915.0
2024/11/14,1061.0
2024/11/15,1051.0
2024/11/16,1279.0
2024/11/17,1446.0
2024/11/18,965.0
2024/11/19,925.0
2024/11/20,935.0
2024/11/21,1075.0
2024/11/22,1069.0
2024/11/23,1312.0
2024/11/24,1685.0
2024/11/25,9544.0
2024/11/26,4596.0
2024/11/27,2572.0
2024/11/28,2239.0
2024/11/29,2032.0
2024/11/30,2334.0
2024/12/1,1944.0
2024/12/2,1273.0
2024/12/3,1155.0
2024/12/4,1275.0
2024/12/5,1072.0
2024/12/6,1140.0
2024/12/7,1388.0
2024/12/8,1489.0
2024/12/9,996.0
2024/12/10,888.0
2024/12/11,850.0
2024/12/12,846.0
2024/12/13,873.0
2024/12/14,1069.0
2024/12/15,1102.0
2024/12/16,774.0
2024/12/17,730.0
2024/12/18,673.0
2024/12/19,653.0
2024/12/20,1207.0
2024/12/21,1910.0
2024/12/22,973.0
2024/12/23,656.0
2024/12/24,647.0
2024/12/25,686.0
2024/12/26,676.0
2024/12/27,632.0
2024/12/28,829.0
2024/12/29,880.0
2024/12/30,693.0
2024/12/31,642.0
2025/1/1,996.0
2025/1/2,790.0
2025/1/3,811.0
2025/1/4,994.0
2025/1/5,1080.0
2025/1/6,819.0
2025/1/7,682.0
2025/1/8,633.0
2025/1/9,699.0
2025/1/10,678.0
2025/1/11,867.0
2025/1/12,949.0
2025/1/13,694.0
2025/1/14,678.0
2025/1/15,655.0
2025/1/16,658.0
2025/1/17,711.0
2025/1/18,898.0
2025/1/19,1042.0
2025/1/20,969.0
2025/1/21,1017.0
2025/1/22,1104.0
2025/1/23,1142.0
2025/1/24,1408.0
2025/1/25,8388.0
2025/1/26,4309.0
2025/1/27,2918.0
2025/1/28,2510.0
2025/1/29,2292.0
2025/1/30,2077.0
2025/1/31,1946.0
2025/2/1,1836.0
2025/2/2,1751.0
2025/2/3,1455.0
2025/2/4,1327.0
2025/2/5,1315.0
2025/2/6,1522.0
2025/2/7,1207.0
2025/2/8,1239.0
2025/2/9,1386.0
2025/2/10,1198.0
2025/2/11,1093.0
2025/2/12,1091.0
2025/2/13,1032.0
2025/2/14,1060.0
2025/2/15,1212.0
2025/2/16,1377.0
2025/2/17,953.0
2025/2/18,895.0
2025/2/19,899.0
2025/2/20,839.0
2025/2/21,896.0
2025/2/22,1078.0
2025/2/23,1202.0
2025/2/24,842.0
2025/2/25,846.0
2025/2/26,869.0
2025/2/27,812.0
2025/2/28,1077.0
2025/3/1,1102.0
2025/3/2,1218.0
2025/3/3,918.0
2025/3/4,872.0
2025/3/5,954.0
2025/3/6,848.0
2025/3/7,765.0
2025/3/8,975.0
2025/3/9,1050.0
2025/3/10,763.0
2025/3/11,673.0
2025/3/12,657.0
2025/3/13,624.0
2025/3/14,722.0
2025/3/15,834.0
2025/3/16,848.0
2025/3/17,638.0
2025/3/18,679.0
2025/3/19,889.0
2025/3/20,657.0
2025/3/21,736.0
2025/3/22,1064.0
2025/3/23,1185.0
2025/3/24,1184.0
2025/3/25,8837.0
2025/3/26,3751.0
2025/3/27,2070.0
2025/3/28,1463.0
2025/3/29,1767.0
2025/3/30,1839.0
2025/3/31,1266.0
2025/4/1,1089.0
2025/4/2,1053.0
2025/4/3,1400.0
2025/4/4,1592.0
2025/4/5,1375.0
2025/4/6,1529.0
2025/4/7,999.0
2025/4/8,893.0
2025/4/9,866.0
2025/4/10,941.0
2025/4/11,819.0
2025/4/12,16035.0
2025/4/13,1154.0
2025/4/14,828.0
2025/4/15,817.0
2025/4/16,775.0
2025/4/17,695.0
2025/4/18,688.0
2025/4/19,960.0
2025/4/20,1049.0
2025/4/21,779.0
2025/4/22,712.0
2025/4/23,679.0
2025/4/24,672.0
2025/4/25,702.0
2025/4/26,886.0
2025/4/27,971.0
2025/4/28,711.0
2025/4/29,695.0
2025/4/30,653.0
2025/5/1,873.0
2025/5/2,720.0
2025/5/3,921.0
2025/5/4,985.0
2025/5/5,809.0
2025/5/6,856.0
2025/5/7,681.0
2025/5/8,624.0
2025/5/9,644.0
2025/5/10,906.0
2025/5/11,960.0
2025/5/12,704.0
2025/5/13,649.0
2025/5/14,604.0
2025/5/15,642.0
2025/5/16,624.0
2025/5/17,799.0
2025/5/18,894.0
2025/5/19,622.0
2025/5/20,789.0
2025/5/21,827.0
2025/5/22,790.0
2025/5/23,853.0
2025/5/24,1195.0
2025/5/25,7246.0
2025/5/26,3119.0
2025/5/27,1965.0
2025/5/28,1635.0
2025/5/29,1577.0
2025/5/30,1679.0
2025/5/31,1630.0
2025/6/1,1611.0
2025/6/2,1056.0
2025/6/3,1071.0
2025/6/4,1176.0
2025/6/5,1144.0
2025/6/6,1259.0
2025/6/7,1110.0
2025/6/8,1212.0
2025/6/9,797.0
2025/6/10,750.0
2025/6/11,774.0
2025/6/12,776.0
2025/6/13,694.0
2025/6/14,882.0
2025/6/15,1000.0
2025/6/16,737.0
2025/6/17,678.0
2025/6/18,674.0
2025/6/19,651.0
2025/6/20,609.0
2025/6/21,802.0
2025/6/22,849.0
2025/6/23,649.0
2025/6/24,649.0
2025/6/25,612.0
2025/6/26,646.0
2025/6/27,614.0
2025/6/28,742.0
2025/6/29,868.0
2025/6/30,677.0
2025/7/1,776.0
2025/7/2,801.0
2025/7/3,725.0
2025/7/4,638.0
2025/7/5,788.0
2025/7/6,805.0
2025/7/7,769.0
2025/7/8,637.0
2025/7/9,649.0
2025/7/10,631.0
2025/7/11,626.0
2025/7/12,721.0
2025/7/13,762.0
2025/7/14,630.0
2025/7/15,776.0
2025/7/16,682.0
2025/7/17,627.0
2025/7/18,640.0
2025/7/19,779.0
2025/7/20,809.0
2025/7/21,672.0
2025/7/22,670.0
2025/7/23,693.0
2025/7/24,1000.0
2025/7/25,6502.0
2025/7/26,3365.0
2025/7/27,2621.0
2025/7/28,2006.0
2025/7/29,1875.0
2025/7/30,1566.0
2025/7/31,1384.0
2025/8/1,1348.0
2025/8/2,1209.0
2025/8/3,1332.0
2025/8/4,1126.0
2025/8/5,1037.0
2025/8/6,1074.0
2025/8/7,1073.0
2025/8/8,942.0
2025/8/9,1104.0
2025/8/10,1163.0
2025/8/11,844.0
2025/8/12,857.0
2025/8/13,796.0
2025/8/14,793.0
2025/8/15,784.0
2025/8/16,1038.0
2025/8/17,1048.0
2025/8/18,887.0
2025/8/19,874.0
2025/8/20,822.0
2025/8/21,850.0
2025/8/22,968.0
2025/8/23,1015.0
2025/8/24,1071.0
2025/8/25,937.0
2025/8/26,850.0
2025/8/27,815.0
2025/8/28,879.0
2025/8/29,856.0
2025/8/30,1082.0
2025/8/31,1143.0
2025/9/1,942.0
2025/9/2,904.0
2025/9/3,879.0
2025/9/4,904.0
2025/9/5,885.0
2025/9/6,1085.0
2025/9/7,1115.0
2025/9/8,792.0
2025/9/9,730.0
2025/9/10,739.0
2025/9/11,720.0
2025/9/12,732.0
2025/9/13,885.0
2025/9/14,913.0
2025/9/15,652.0
2025/9/16,659.0
2025/9/17,624.0
2025/9/18,587.0
2025/9/19,793.0
2025/9/20,1056.0
2025/9/21,1082.0
2025/9/22,733.0
2025/9/23,782.0
2025/9/24,935.0
2025/9/25,7450.0
2025/9/26,3209.0
2025/9/27,2181.0
2025/9/28,1960.0
2025/9/29,1783.0
2025/9/30,1221.0
2025/10/1,1139.0
2025/10/2,1066.0
2025/10/3,1033.0
2025/10/4,1309.0
2025/10/5,1241.0
2025/10/6,1461.0
2025/10/7,1027.0
2025/10/8,974.0
2025/10/9,1117.0
2025/10/10,1185.0
2025/10/11,1113.0
2025/10/12,1143.0
2025/10/13,777.0
2025/10/14,739.0
2025/10/15,795.0
2025/10/16,852.0
2025/10/17,866.0
2025/10/18,1014.0
2025/10/19,1080.0
2025/10/20,738.0
2025/10/21,723.0
2025/10/22,659.0
2025/10/23,749.0
2025/10/24,1003.0
2025/10/25,1110.0
2025/10/26,1156.0
2025/10/27,828.0
2025/10/28,763.0
2025/10/29,771.0
2025/10/30,684.0
2025/10/31,744.0
2025/11/1,1036.0
2025/11/2,1117.0
2025/11/3,877.0
2025/11/4,955.0
2025/11/5,1038.0
2025/11/6,826.0
2025/11/7,762.0
2025/11/8,984.0
2025/11/9,1054.0
2025/11/10,780.0
2025/11/11,733.0
2025/11/12,797.0
2025/11/13,680.0
2025/11/14,728.0
2025/11/15,1486.0
2025/11/16,1055.0
2025/11/17,851.0
2025/11/18,777.0
2025/11/19,690.0
2025/11/20,646.0
2025/11/21,702.0
2025/11/22,919.0
2025/11/23,976.0
2025/11/24,928.0
2025/11/25,8583.0
2025/11/26,3197.0
2025/11/27,1599.0
2025/11/28,1400.0
2025/11/29,1525.0
2025/11/30,1583.0
2025/12/1,1097.0
2025/12/2,970.0
2025/12/3,948.0
2025/12/4,1020.0
2025/12/5,888.0
2025/12/6,1368.0
2025/12/7,1290.0
2025/12/8,880.0
2025/12/9,789.0
2025/12/10,813.0
2025/12/11,769.0
2025/12/12,727.0
2025/12/13,952.0
2025/12/14,921.0
2025/12/15,707.0
2025/12/16,675.0
2025/12/17,650.0
2025/12/18,611.0
2025/12/19,664.0
2025/12/20,825.0
2025/12/21,971.0
2025/12/22,621.0
2025/12/23,566.0
2025/12/24,553.0
2025/12/25,767.0
2025/12/26,633.0
2025/12/27,751.0
2025/12/28,866.0
2025/12/29,681.0
2025/12/30,630.0
2025/12/31,489.0
2026/1/1,794.0
2026/1/2,641.0
2026/1/3,834.0
2026/1/4,894.0
2026/1/5,877.0
2026/1/6,931.0
2026/1/7,783.0
2026/1/8,701.0
2026/1/9,525.0
2026/1/10,797.0
2026/1/11,799.0
2026/1/12,661.0
2026/1/13,674.0
2026/1/14,625.0
2026/1/15,603.0
2026/1/16,581.0
2026/1/17,1363.0
2026/1/18,1616.0
2026/1/19,1005.0
2026/1/20,913.0
2026/1/21,764.0
2026/1/22,688.0
2026/1/23,822.0
2026/1/24,1090.0
2026/1/25,5988.0
2026/1/26,2756.0
2026/1/27,1693.0
2026/1/28,1374.0
2026/1/29,1233.0
2026/1/30,1115.0
2026/1/31,1183.0
2026/2/1,1344.0
2026/2/2,947.0
2026/2/3,890.0
2026/2/4,930.0
2026/2/5,943.0
2026/2/6,1078.0
2026/2/7,1102.0
2026/2/8,1084.0
2026/2/9,869.0
2026/2/10,682.0
2026/2/11,605.0
2026/2/12,664.0
2026/2/13,606.0
2026/2/14,737.0
2026/2/15,819.0
2026/2/16,810.0
2026/2/17,697.0
2026/2/18,716.0
2026/2/19,725.0
2026/2/20,744.0
2026/2/21,794.0
2026/2/22,800.0
2026/2/23,587.0
2026/2/24,599.0
2026/2/25,582.0
2026/2/26,609.0
2026/2/27,714.0
2026/2/28,683.0
2026/3/1,748.0
2026/3/2,512.0
2026/3/3,523.0
2026/3/4,601.0
2026/3/5,552.0
2026/3/6,528.0
2026/3/7,642.0
2026/3/8,661.0
2026/3/9,468.0
2026/3/10,545.0
2026/3/11,453.0
2026/3/12,463.0
2026/3/13,461.0
2026/3/14,618.0
2026/3/15,652.0
2026/3/16,490.0
2026/3/17,506.0
2026/3/18,516.0